payment_id,order_id,payment_date,payment_amount,payment_status
1,56,2023-12-20T16:02:57+00:00,446.35,Failed
2,60,2024-03-12T19:52:52+00:00,393.27,Failed
3,41,2024-08-23T23:43:42+00:00,533.12,Refunded
4,88,2023-12-04T00:07:35+00:00,421.84,Processing
5,7,2024-07-25T21:18:49+00:00,489.51,Refunded
6,74,2023-12-08T16:43:23+00:00,535.50,Completed
7,74,2024-01-16T07:10:14+00:00,622.44,Refunded
8,32,2024-08-01T01:15:24+00:00,466.29,Cancelled
9,14,2024-07-21T12:10:44+00:00,392.44,Cancelled
10,98,2024-09-03T20:14:07+00:00,436.73,Failed
11,14,2024-03-25T21:28:44+00:00,599.77,Refunded
12,28,2024-04-18T16:49:02+00:00,479.34,Processing
13,91,2023-10-05T16:45:48+00:00,557.81,Pending
14,9,2024-06-17T09:11:46+00:00,578.42,Completed
15,82,2024-08-29T03:41:58+00:00,499.30,Completed
16,92,2024-02-19T14:05:18+00:00,536.42,Refunded
17,7,2023-12-21T10:35:55+00:00,409.71,Pending
18,43,2024-09-23T17:21:40+00:00,482.82,Pending
19,72,2023-12-26T20:22:45+00:00,389.42,Failed
20,87,2023-12-17T15:56:07+00:00,418.04,Refunded
21,78,2024-08-19T02:43:03+00:00,404.19,Failed
22,20,2024-04-12T20:52:08+00:00,464.26,Processing
23,4,2024-02-25T12:50:17+00:00,427.58,Completed
24,40,2023-12-13T08:31:26+00:00,495.38,Failed
25,58,2024-07-15T03:05:51+00:00,615.54,Processing
26,41,2024-08-04T12:46:49+00:00,435.78,Processing
27,50,2024-09-18T20:37:16+00:00,540.07,Completed
28,11,2024-03-29T18:14:13+00:00,460.56,Completed
29,25,2024-01-02T17:43:23+00:00,550.23,Cancelled
30,7,2024-09-05T13:27:51+00:00,591.95,Processing
31,92,2024-05-06T14:55:45+00:00,535.87,Refunded
32,3,2024-03-02T23:19:02+00:00,597.63,Processing
33,25,2024-08-22T08:26:21+00:00,397.81,Completed
34,21,2024-06-26T13:38:46+00:00,413.16,Processing
35,30,2024-06-24T20:35:37+00:00,493.53,Processing
36,64,2024-06-04T13:05:43+00:00,519.07,Refunded
37,10,2023-12-01T09:51:16+00:00,482.33,Processing
38,93,2024-02-02T23:53:04+00:00,581.15,Cancelled
39,80,2024-08-14T03:51:13+00:00,410.01,Processing
40,28,2024-01-25T03:44:59+00:00,462.26,Completed
41,22,2024-02-07T12:30:39+00:00,589.54,Pending
42,31,2024-08-04T04:48:45+00:00,505.11,Pending
43,34,2024-07-19T10:22:01+00:00,522.04,Completed
44,58,2024-06-18T17:11:36+00:00,606.42,Completed
45,67,2024-05-25T09:34:57+00:00,530.36,Refunded
46,79,2023-11-15T00:14:17+00:00,613.10,Pending
47,47,2024-07-14T07:46:55+00:00,572.56,Processing
48,95,2024-05-02T09:42:54+00:00,415.85,Processing
49,72,2024-05-15T06:07:58+00:00,591.61,Processing
50,47,2024-01-04T05:17:32+00:00,609.65,Refunded
51,19,2024-03-15T01:37:07+00:00,618.54,Pending
52,67,2024-09-05T22:26:43+00:00,544.64,Completed
53,73,2023-11-20T16:54:06+00:00,567.26,Refunded
54,91,2024-05-15T10:11:15+00:00,560.56,Pending
55,35,2023-12-21T23:30:16+00:00,446.09,Processing
56,71,2023-11-24T17:43:22+00:00,579.01,Pending
57,76,2023-12-05T08:21:34+00:00,434.32,Failed
58,91,2024-01-15T12:56:31+00:00,449.80,Cancelled
59,19,2024-06-08T00:02:18+00:00,603.48,Pending
60,2,2023-12-13T04:53:28+00:00,423.13,Failed
61,51,2024-01-19T06:17:21+00:00,547.83,Cancelled
62,83,2023-10-15T15:10:44+00:00,460.96,Processing
63,93,2024-01-18T08:11:33+00:00,593.87,Completed
64,3,2024-04-16T05:00:04+00:00,604.90,Completed
65,81,2024-09-14T02:23:55+00:00,584.18,Failed
66,36,2024-04-23T01:04:15+00:00,476.93,Processing
67,95,2024-08-03T18:47:55+00:00,458.67,Cancelled
68,69,2024-03-13T06:44:35+00:00,472.20,Failed
69,19,2023-12-04T00:32:21+00:00,380.20,Cancelled
70,33,2024-03-19T05:52:40+00:00,606.49,Refunded
71,43,2024-03-25T23:34:30+00:00,408.00,Failed
72,28,2024-04-22T23:34:31+00:00,611.58,Completed
73,37,2024-03-11T02:33:30+00:00,453.30,Refunded
74,3,2024-09-06T21:45:56+00:00,453.36,Failed
75,50,2024-07-19T01:04:32+00:00,444.84,Pending
76,27,2024-01-31T03:02:33+00:00,460.31,Processing
77,6,2024-06-09T13:50:32+00:00,438.04,Refunded
78,16,2024-09-12T05:35:01+00:00,451.75,Failed
79,50,2024-09-15T02:32:13+00:00,378.81,Completed
80,77,2024-04-27T07:45:17+00:00,502.63,Pending
81,39,2024-02-14T08:38:52+00:00,393.52,Cancelled
82,67,2024-08-31T22:27:34+00:00,564.46,Refunded
83,81,2024-03-11T09:59:23+00:00,558.42,Completed
84,93,2023-11-02T03:24:31+00:00,386.39,Cancelled
85,85,2024-05-15T23:30:00+00:00,380.98,Completed
86,10,2024-01-09T23:40:44+00:00,473.75,Failed
87,80,2024-04-10T00:05:39+00:00,502.85,Failed
88,38,2024-06-27T04:44:21+00:00,490.15,Refunded
89,98,2024-10-01T05:08:30+00:00,433.90,Cancelled
90,89,2024-05-02T23:11:05+00:00,462.17,Failed
91,30,2024-07-07T12:45:32+00:00,484.68,Refunded
92,82,2024-09-20T19:01:56+00:00,605.18,Failed
93,2,2024-01-12T05:27:12+00:00,432.84,Failed
94,84,2024-07-02T20:17:38+00:00,548.21,Completed
95,76,2024-02-03T14:27:43+00:00,429.50,Refunded
96,26,2023-12-07T18:25:17+00:00,450.07,Failed
97,99,2024-09-18T15:16:29+00:00,621.95,Pending
98,30,2024-08-17T05:26:13+00:00,465.01,Cancelled
99,12,2024-09-18T19:58:03+00:00,578.84,Failed
100,35,2024-08-23T13:12:00+00:00,381.28,Pending
